<keymap version="1" name="Eclipse copy" parent="Eclipse">
  <action id="EditCustomVmOptions">
    <keyboard-shortcut first-keystroke="shift ctrl q" />
  </action>
  <action id="EditorPageDown">
    <keyboard-shortcut first-keystroke="page_down" />
    <mouse-shortcut keystroke="control button142" />
  </action>
  <action id="EditorPageUp">
    <keyboard-shortcut first-keystroke="page_up" />
    <mouse-shortcut keystroke="control button143" />
  </action>
  <action id="SwitchApply">
    <keyboard-shortcut first-keystroke="shift alt enter" />
  </action>
  <action id="SwitchDown">
    <keyboard-shortcut first-keystroke="shift alt down" />
  </action>
  <action id="SwitchLeft">
    <keyboard-shortcut first-keystroke="shift alt left" />
  </action>
  <action id="SwitchRight">
    <keyboard-shortcut first-keystroke="shift alt right" />
  </action>
  <action id="SwitchUp">
    <keyboard-shortcut first-keystroke="shift alt up" />
  </action>
</keymap>